{
    "total_runtime": 233.38110756874084,
    "num_documents": 9,
    "input_load_time": 0,
    "workflows": {
        "create_base_text_units": {
            "overall": 0.5092909336090088
        },
        "create_final_documents": {
            "overall": 0.05178713798522949
        },
        "extract_graph": {
            "overall": 52.40845465660095
        },
        "finalize_graph": {
            "overall": 27.023908615112305
        },
        "create_communities": {
            "overall": 0.34208130836486816
        },
        "create_final_text_units": {
            "overall": 0.10304951667785645
        },
        "create_community_reports": {
            "overall": 92.2749376296997
        },
        "generate_text_embeddings": {
            "overall": 60.64025020599365
        }
    }
}